[
  {
    "Definition": "A\u00F1o Nuevo",
    "Date": "2024-01-01T00:00:00"
  },
  {
    "Definition": "Carnaval",
    "Date": "2024-02-12T00:00:00"
  },
  {
    "Definition": "Carnaval",
    "Date": "2024-02-13T00:00:00"
  },
  {
    "Definition": "D\u00EDa de la Mujer",
    "Date": "2024-03-08T00:00:00"
  },
  {
    "Definition": "Semana de Turismo - Jueves Santo",
    "Date": "2024-03-28T00:00:00"
  },
  {
    "Definition": "Semana de Turismo - Viernes Santo",
    "Date": "2024-03-29T00:00:00"
  },
  {
    "Definition": "D\u00EDa de los Trabajadores",
    "Date": "2024-05-01T00:00:00"
  },
  {
    "Definition": "Batalla de las Piedras",
    "Date": "2024-05-18T00:00:00"
  },
  {
    "Definition": "Natalicio de Artigas",
    "Date": "2024-06-19T00:00:00"
  },
  {
    "Definition": "Jura de la Constituci\u00F3n",
    "Date": "2024-07-18T00:00:00"
  },
  {
    "Definition": "D\u00EDa de la Independencia",
    "Date": "2024-08-25T00:00:00"
  },
  {
    "Definition": "D\u00EDa de la Raza",
    "Date": "2024-10-12T00:00:00"
  },
  {
    "Definition": "Navidad",
    "Date": "2024-12-25T00:00:00"
  },
  {
    "Definition": "A\u00F1o Nuevo",
    "Date": "2025-01-01T00:00:00"
  },
  {
    "Definition": "D\u00EDa de Reyes",
    "Date": "2025-01-06T00:00:00"
  },
  {
    "Definition": "Carnaval",
    "Date": "2025-03-03T00:00:00"
  },
  {
    "Definition": "Carnaval",
    "Date": "2025-03-04T00:00:00"
  },
  {
    "Definition": "Semana de Turismo",
    "Date": "2025-04-14T00:00:00"
  },
  {
    "Definition": "Semana de Turismo",
    "Date": "2025-04-15T00:00:00"
  },
  {
    "Definition": "Semana de Turismo",
    "Date": "2025-04-16T00:00:00"
  },
  {
    "Definition": "Semana de Turismo",
    "Date": "2025-04-17T00:00:00"
  },
  {
    "Definition": "Semana de Turismo",
    "Date": "2025-04-18T00:00:00"
  },
  {
    "Definition": "Semana de Turismo",
    "Date": "2025-04-19T00:00:00"
  },
  {
    "Definition": "Semana de Turismo",
    "Date": "2025-04-20T00:00:00"
  },
  {
    "Definition": "Desembarco de los Treinta y Tres Orientales",
    "Date": "2025-04-19T00:00:00"
  },
  {
    "Definition": "D\u00EDa de los Trabajadores",
    "Date": "2025-05-01T00:00:00"
  },
  {
    "Definition": "Batalla de las Piedras",
    "Date": "2025-05-18T00:00:00"
  },
  {
    "Definition": "Natalicio de Artigas",
    "Date": "2025-06-19T00:00:00"
  },
  {
    "Definition": "Jura de la Constituci\u00F3n",
    "Date": "2025-07-18T00:00:00"
  },
  {
    "Definition": "Declaratoria de la Independencia",
    "Date": "2025-08-25T00:00:00"
  },
  {
    "Definition": "D\u00EDa de la Raza",
    "Date": "2025-10-12T00:00:00"
  },
  {
    "Definition": "D\u00EDa de los Difuntos",
    "Date": "2025-11-02T00:00:00"
  },
  {
    "Definition": "Navidad",
    "Date": "2025-12-25T00:00:00"
  }
]