[
  {
    "Definition": "A\u00F1o Nuevo",
    "Date": "2024-01-01T00:00:00"
  },
  {
    "Definition": "Epifan\u00EDa del Se\u00F1or",
    "Date": "2024-01-06T00:00:00"
  },
  {
    "Definition": "Viernes Santo",
    "Date": "2024-03-29T00:00:00"
  },
  {
    "Definition": "D\u00EDa del Trabajador",
    "Date": "2024-05-01T00:00:00"
  },
  {
    "Definition": "Asunci\u00F3n de la Virgen",
    "Date": "2024-08-15T00:00:00"
  },
  {
    "Definition": "Fiesta Nacional de Espa\u00F1a",
    "Date": "2024-10-12T00:00:00"
  },
  {
    "Definition": "D\u00EDa de Todos los Santos",
    "Date": "2024-11-01T00:00:00"
  },
  {
    "Definition": "D\u00EDa de la Constituci\u00F3n Espa\u00F1ola",
    "Date": "2024-12-06T00:00:00"
  },
  {
    "Definition": "Inmaculada Concepci\u00F3n",
    "Date": "2024-12-08T00:00:00"
  },
  {
    "Definition": "Navidad",
    "Date": "2024-12-25T00:00:00"
  },
  {
    "Definition": "A\u00F1o Nuevo",
    "Date": "2025-01-01T00:00:00"
  },
  {
    "Definition": "Epifan\u00EDa del Se\u00F1or",
    "Date": "2025-01-06T00:00:00"
  },
  {
    "Definition": "Jueves Santo",
    "Date": "2025-04-17T00:00:00"
  },
  {
    "Definition": "Viernes Santo",
    "Date": "2025-04-18T00:00:00"
  },
  {
    "Definition": "D\u00EDa del Trabajador",
    "Date": "2025-05-01T00:00:00"
  },
  {
    "Definition": "Asunci\u00F3n de la Virgen",
    "Date": "2025-08-15T00:00:00"
  },
  {
    "Definition": "Fiesta Nacional de Espa\u00F1a",
    "Date": "2025-10-12T00:00:00"
  },
  {
    "Definition": "Todos los Santos",
    "Date": "2025-11-01T00:00:00"
  },
  {
    "Definition": "D\u00EDa de la Constituci\u00F3n Espa\u00F1ola",
    "Date": "2025-12-06T00:00:00"
  },
  {
    "Definition": "Inmaculada Concepci\u00F3n",
    "Date": "2025-12-08T00:00:00"
  },
  {
    "Definition": "Navidad",
    "Date": "2025-12-25T00:00:00"
  }
]