[
  {
    "Definition": "A\u00F1o Nuevo",
    "Date": "2024-01-01T00:00:00"
  },
  {
    "Definition": "Viernes Santo",
    "Date": "2024-03-29T00:00:00"
  },
  {
    "Definition": "S\u00E1bado Santo",
    "Date": "2024-03-30T00:00:00"
  },
  {
    "Definition": "D\u00EDa del Trabajo",
    "Date": "2024-05-01T00:00:00"
  },
  {
    "Definition": "D\u00EDa de las Glorias Navales",
    "Date": "2024-05-21T00:00:00"
  },
  {
    "Definition": "San Pedro y San Pablo",
    "Date": "2024-06-24T00:00:00"
  },
  {
    "Definition": "D\u00EDa de la Virgen del Carmen",
    "Date": "2024-07-16T00:00:00"
  },
  {
    "Definition": "Asunci\u00F3n de la Virgen",
    "Date": "2024-08-15T00:00:00"
  },
  {
    "Definition": "D\u00EDa de la Independencia",
    "Date": "2024-09-18T00:00:00"
  },
  {
    "Definition": "D\u00EDa de las Glorias del Ej\u00E9rcito",
    "Date": "2024-09-19T00:00:00"
  },
  {
    "Definition": "D\u00EDa de la Raza",
    "Date": "2024-10-14T00:00:00"
  },
  {
    "Definition": "D\u00EDa de Todos los Santos",
    "Date": "2024-11-01T00:00:00"
  },
  {
    "Definition": "Inmaculada Concepci\u00F3n",
    "Date": "2024-12-08T00:00:00"
  },
  {
    "Definition": "Navidad",
    "Date": "2024-12-25T00:00:00"
  },
  {
    "Definition": "A\u00F1o Nuevo",
    "Date": "2025-01-01T00:00:00"
  },
  {
    "Definition": "Viernes Santo",
    "Date": "2025-04-18T00:00:00"
  },
  {
    "Definition": "S\u00E1bado Santo",
    "Date": "2025-04-19T00:00:00"
  },
  {
    "Definition": "D\u00EDa del Trabajo",
    "Date": "2025-05-01T00:00:00"
  },
  {
    "Definition": "D\u00EDa de las Glorias Navales",
    "Date": "2025-05-21T00:00:00"
  },
  {
    "Definition": "D\u00EDa Nacional de los Pueblos Ind\u00EDgenas",
    "Date": "2025-06-20T00:00:00"
  },
  {
    "Definition": "San Pedro y San Pablo",
    "Date": "2025-06-29T00:00:00"
  },
  {
    "Definition": "D\u00EDa de la Virgen del Carmen",
    "Date": "2025-07-16T00:00:00"
  },
  {
    "Definition": "Asunci\u00F3n de la Virgen",
    "Date": "2025-08-15T00:00:00"
  },
  {
    "Definition": "Independencia Nacional",
    "Date": "2025-09-18T00:00:00"
  },
  {
    "Definition": "D\u00EDa de las Glorias del Ej\u00E9rcito",
    "Date": "2025-09-19T00:00:00"
  },
  {
    "Definition": "Encuentro de Dos Mundos",
    "Date": "2025-10-13T00:00:00"
  },
  {
    "Definition": "D\u00EDa de las Iglesias Evang\u00E9licas y Protestantes",
    "Date": "2025-10-31T00:00:00"
  },
  {
    "Definition": "D\u00EDa de Todos los Santos",
    "Date": "2025-11-01T00:00:00"
  },
  {
    "Definition": "Inmaculada Concepci\u00F3n",
    "Date": "2025-12-08T00:00:00"
  },
  {
    "Definition": "Navidad",
    "Date": "2025-12-25T00:00:00"
  }
]