[
  {
    "Definition": "A\u00F1o Nuevo",
    "Date": "2024-01-01T00:00:00"
  },
  {
    "Definition": "Jueves Santo",
    "Date": "2024-03-28T00:00:00"
  },
  {
    "Definition": "Viernes Santo",
    "Date": "2024-03-29T00:00:00"
  },
  {
    "Definition": "D\u00EDa del Trabajo",
    "Date": "2024-05-01T00:00:00"
  },
  {
    "Definition": "San Pedro y San Pablo",
    "Date": "2024-06-29T00:00:00"
  },
  {
    "Definition": "Fiestas Patrias",
    "Date": "2024-07-28T00:00:00"
  },
  {
    "Definition": "D\u00EDa de la Independencia",
    "Date": "2024-07-29T00:00:00"
  },
  {
    "Definition": "Santa Rosa de Lima",
    "Date": "2024-08-30T00:00:00"
  },
  {
    "Definition": "Combate de Angamos",
    "Date": "2024-10-08T00:00:00"
  },
  {
    "Definition": "Todos los Santos",
    "Date": "2024-11-01T00:00:00"
  },
  {
    "Definition": "Inmaculada Concepci\u00F3n",
    "Date": "2024-12-08T00:00:00"
  },
  {
    "Definition": "Navidad",
    "Date": "2024-12-25T00:00:00"
  },
  {
    "Definition": "A\u00F1o Nuevo",
    "Date": "2025-01-01T00:00:00"
  },
  {
    "Definition": "Jueves Santo",
    "Date": "2025-04-17T00:00:00"
  },
  {
    "Definition": "Viernes Santo",
    "Date": "2025-04-18T00:00:00"
  },
  {
    "Definition": "D\u00EDa del Trabajo",
    "Date": "2025-05-01T00:00:00"
  },
  {
    "Definition": "Batalla de Arica y D\u00EDa de la Bandera",
    "Date": "2025-06-07T00:00:00"
  },
  {
    "Definition": "San Pedro y San Pablo",
    "Date": "2025-06-29T00:00:00"
  },
  {
    "Definition": "D\u00EDa de la Fuerza A\u00E9rea del Per\u00FA",
    "Date": "2025-07-23T00:00:00"
  },
  {
    "Definition": "Fiestas Patrias",
    "Date": "2025-07-28T00:00:00"
  },
  {
    "Definition": "Fiestas Patrias",
    "Date": "2025-07-29T00:00:00"
  },
  {
    "Definition": "Batalla de Jun\u00EDn",
    "Date": "2025-08-06T00:00:00"
  },
  {
    "Definition": "Santa Rosa de Lima",
    "Date": "2025-08-30T00:00:00"
  },
  {
    "Definition": "Combate de Angamos",
    "Date": "2025-10-08T00:00:00"
  },
  {
    "Definition": "D\u00EDa de Todos los Santos",
    "Date": "2025-11-01T00:00:00"
  },
  {
    "Definition": "Inmaculada Concepci\u00F3n",
    "Date": "2025-12-08T00:00:00"
  },
  {
    "Definition": "Batalla de Ayacucho",
    "Date": "2025-12-09T00:00:00"
  },
  {
    "Definition": "Navidad",
    "Date": "2025-12-25T00:00:00"
  }
]