[
  {
    "Definition": "A\u00F1o Nuevo",
    "Date": "2024-01-01T00:00:00"
  },
  {
    "Definition": "Carnaval",
    "Date": "2024-02-01T00:00:00"
  },
  {
    "Definition": "Carnaval",
    "Date": "2024-02-01T00:00:00"
  },
  {
    "Definition": "D\u00EDa Nacional de la Memoria por la Verdad y la Justicia",
    "Date": "2024-03-24T00:00:00"
  },
  {
    "Definition": "Viernes Santo",
    "Date": "2024-03-29T00:00:00"
  },
  {
    "Definition": "D\u00EDa del Veterano y los Ca\u00EDdos de la Guerra de Las Malvinas",
    "Date": "2024-04-02T00:00:00"
  },
  {
    "Definition": "Pascua Jud\u00EDa",
    "Date": "2024-04-22T00:00:00"
  },
  {
    "Definition": "D\u00EDa del Trabajador",
    "Date": "2024-05-01T00:00:00"
  },
  {
    "Definition": "D\u00EDa de la Revoluci\u00F3n de Mayo",
    "Date": "2024-05-25T00:00:00"
  },
  {
    "Definition": "Paso a la Inmortalidad del General Don Mart\u00EDn Miguel de G\u00FCemes",
    "Date": "2024-06-17T00:00:00"
  },
  {
    "Definition": "Paso a la Inmortalidad del General Manuel Belgrano",
    "Date": "2024-06-20T00:00:00"
  },
  {
    "Definition": "D\u00EDa de la Independencia",
    "Date": "2024-07-09T00:00:00"
  },
  {
    "Definition": "Paso a la Inmortalidad del General Don Jos\u00E9 de San Mart\u00EDn",
    "Date": "2024-08-17T00:00:00"
  },
  {
    "Definition": "A\u00F1o Nuevo Jud\u00EDo",
    "Date": "2024-10-02T00:00:00"
  },
  {
    "Definition": "D\u00EDa del Perd\u00F3n",
    "Date": "2024-10-11T00:00:00"
  },
  {
    "Definition": "D\u00EDa de la Soberan\u00EDa Nacional",
    "Date": "2024-11-20T00:00:00"
  },
  {
    "Definition": "Navidad",
    "Date": "2024-12-24T00:00:00"
  },
  {
    "Definition": "D\u00EDa de la Inmaculada Concepci\u00F3n de Mar\u00EDa",
    "Date": "2024-12-08T00:00:00"
  },
  {
    "Definition": "A\u00F1o Nuevo",
    "Date": "2025-01-01T00:00:00"
  },
  {
    "Definition": "Carnaval",
    "Date": "2025-03-03T00:00:00"
  },
  {
    "Definition": "Carnaval",
    "Date": "2025-03-04T00:00:00"
  },
  {
    "Definition": "D\u00EDa Nacional de la Memoria por la Verdad y la Justicia",
    "Date": "2025-03-24T00:00:00"
  },
  {
    "Definition": "D\u00EDa del Veterano y de los Ca\u00EDdos en la Guerra de Malvinas",
    "Date": "2025-04-02T00:00:00"
  },
  {
    "Definition": "Viernes Santo",
    "Date": "2025-04-18T00:00:00"
  },
  {
    "Definition": "D\u00EDa del Trabajador",
    "Date": "2025-05-01T00:00:00"
  },
  {
    "Definition": "D\u00EDa de la Revoluci\u00F3n de Mayo",
    "Date": "2025-05-25T00:00:00"
  },
  {
    "Definition": "Paso a la Inmortalidad del General Mart\u00EDn Miguel de G\u00FCemes",
    "Date": "2025-06-16T00:00:00"
  },
  {
    "Definition": "Paso a la Inmortalidad del General Manuel Belgrano",
    "Date": "2025-06-20T00:00:00"
  },
  {
    "Definition": "D\u00EDa de la Independencia",
    "Date": "2025-07-09T00:00:00"
  },
  {
    "Definition": "Paso a la Inmortalidad del General Jos\u00E9 de San Mart\u00EDn",
    "Date": "2025-08-17T00:00:00"
  },
  {
    "Definition": "D\u00EDa del Respeto a la Diversidad Cultural",
    "Date": "2025-10-12T00:00:00"
  },
  {
    "Definition": "D\u00EDa de la Soberan\u00EDa Nacional",
    "Date": "2025-11-24T00:00:00"
  },
  {
    "Definition": "D\u00EDa de la Inmaculada Concepci\u00F3n de Mar\u00EDa",
    "Date": "2025-12-08T00:00:00"
  },
  {
    "Definition": "Navidad",
    "Date": "2025-12-25T00:00:00"
  }
]
