[
  {
    "Definition": "A\u00F1o Nuevo",
    "Date": "2024-01-01T00:00:00"
  },
  {
    "Definition": "D\u00EDa de la Constituci\u00F3n",
    "Date": "2024-02-05T00:00:00"
  },
  {
    "Definition": "Natalicio de Benito Ju\u00E1rez",
    "Date": "2024-03-18T00:00:00"
  },
  {
    "Definition": "Jueves Santo",
    "Date": "2024-03-28T00:00:00"
  },
  {
    "Definition": "Viernes Santo",
    "Date": "2024-03-29T00:00:00"
  },
  {
    "Definition": "D\u00EDa del Trabajo",
    "Date": "2024-05-01T00:00:00"
  },
  {
    "Definition": "D\u00EDa de la Independencia",
    "Date": "2024-09-16T00:00:00"
  },
  {
    "Definition": "D\u00EDa de la Revoluci\u00F3n",
    "Date": "2024-11-18T00:00:00"
  },
  {
    "Definition": "Navidad",
    "Date": "2024-12-25T00:00:00"
  },
  {
    "Definition": "A\u00F1o Nuevo",
    "Date": "2025-01-01T00:00:00"
  },
  {
    "Definition": "D\u00EDa de la Constituci\u00F3n",
    "Date": "2025-02-03T00:00:00"
  },
  {
    "Definition": "D\u00EDa de Benito Ju\u00E1rez",
    "Date": "2025-03-17T00:00:00"
  },
  {
    "Definition": "D\u00EDa del Trabajo",
    "Date": "2025-05-01T00:00:00"
  },
  {
    "Definition": "D\u00EDa de la Independencia de M\u00E9xico",
    "Date": "2025-09-16T00:00:00"
  },
  {
    "Definition": "D\u00EDa de la Revoluci\u00F3n Mexicana",
    "Date": "2025-11-17T00:00:00"
  },
  {
    "Definition": "Navidad",
    "Date": "2025-12-25T00:00:00"
  }
]